{
  "execution": {
    "1": {
      "exact_match": 0.9990000128746033,
      "close_match": 0.9990000128746033,
      "mse": 0.00019360000442247838,
      "mae": 0.04400016367435455,
      "total": 1000
    },
    "2": {
      "exact_match": 0.9290000200271606,
      "close_match": 0.9340000152587891,
      "mse": 0.01802699826657772,
      "mae": 2.9260001182556152,
      "total": 1000
    },
    "4": {
      "exact_match": 0.6200000047683716,
      "close_match": 0.6589999794960022,
      "mse": 0.0758574977517128,
      "mae": 14.032999992370605,
      "total": 1000
    },
    "8": {
      "exact_match": 0.3529999852180481,
      "close_match": 0.3919999897480011,
      "mse": 0.1613280177116394,
      "mae": 26.73200035095215,
      "total": 1000
    },
    "16": {
      "exact_match": 0.050999999046325684,
      "close_match": 0.10400000214576721,
      "mse": 0.270901620388031,
      "mae": 41.73400115966797,
      "total": 1000
    },
    "32": {
      "exact_match": 0.05000000074505806,
      "close_match": 0.0989999994635582,
      "mse": 0.2723638415336609,
      "mae": 41.970001220703125,
      "total": 1000
    }
  },
  "transformer_fair": {
    "1": {
      "exact_match": 1.0,
      "close_match": 1.0,
      "mse": 0.0,
      "mae": 1.678466787780053e-07,
      "total": 1000
    },
    "2": {
      "exact_match": 0.9900000095367432,
      "close_match": 0.9900000095367432,
      "mse": 0.002741200150921941,
      "mae": 0.42400017380714417,
      "total": 1000
    },
    "4": {
      "exact_match": 0.01899999938905239,
      "close_match": 0.08699999749660492,
      "mse": 0.24166788160800934,
      "mae": 40.33300018310547,
      "total": 1000
    },
    "8": {
      "exact_match": 0.013000000268220901,
      "close_match": 0.07900000363588333,
      "mse": 0.25335150957107544,
      "mae": 41.70899963378906,
      "total": 1000
    },
    "16": {
      "exact_match": 0.008999999612569809,
      "close_match": 0.07500000298023224,
      "mse": 0.232100710272789,
      "mae": 39.67100143432617,
      "total": 1000
    },
    "32": {
      "exact_match": 0.009999999776482582,
      "close_match": 0.08299999684095383,
      "mse": 0.23863491415977478,
      "mae": 39.92900085449219,
      "total": 1000
    }
  },
  "transformer_large": {
    "1": {
      "exact_match": 1.0,
      "close_match": 1.0,
      "mse": 0.0,
      "mae": 1.678466787780053e-07,
      "total": 1000
    },
    "2": {
      "exact_match": 0.9950000047683716,
      "close_match": 0.9950000047683716,
      "mse": 0.0006146999658085406,
      "mae": 0.13900014758110046,
      "total": 1000
    },
    "4": {
      "exact_match": 0.03099999949336052,
      "close_match": 0.0860000029206276,
      "mse": 0.19949281215667725,
      "mae": 36.7599983215332,
      "total": 1000
    },
    "8": {
      "exact_match": 0.009999999776482582,
      "close_match": 0.06599999964237213,
      "mse": 0.24390579760074615,
      "mae": 41.19200134277344,
      "total": 1000
    },
    "16": {
      "exact_match": 0.007000000216066837,
      "close_match": 0.09399999678134918,
      "mse": 0.20998519659042358,
      "mae": 37.141998291015625,
      "total": 1000
    },
    "32": {
      "exact_match": 0.00800000037997961,
      "close_match": 0.07699999958276749,
      "mse": 0.22774358093738556,
      "mae": 39.57600021362305,
      "total": 1000
    }
  }
}